"Date ","series ","OPEN ","HIGH ","LOW ","PREV. CLOSE ","ltp ","close ","vwap ","52W H ","52W L ","VOLUME ","VALUE ","No of trades "
"09-Jun-2025","EQ","9,550.00","9,788.00","9,403.00","9,371.50","9,624.00","9,607.50","9,625.56","9,788.00","6,425.00","23,49,601","22,61,62,17,121.50","2,07,488"
"06-Jun-2025","EQ","8,945.00","9,434.00","8,876.00","8,934.00","9,372.00","9,371.50","9,270.25","9,660.00","6,375.70","19,78,386","18,34,01,24,005.50","1,93,858"
"05-Jun-2025","EQ","8,987.00","8,987.00","8,869.50","8,987.00","8,925.00","8,934.00","8,927.86","9,660.00","6,375.70","7,85,332","7,01,13,36,928.50","77,620"
"04-Jun-2025","EQ","8,975.00","9,039.50","8,964.50","8,979.00","8,994.50","8,987.00","8,997.21","9,660.00","6,375.70","5,54,493","4,98,88,88,199.00","63,399"
"03-Jun-2025","EQ","9,106.00","9,128.00","8,970.00","9,118.50","8,972.00","8,979.00","9,019.53","9,660.00","6,375.70","9,08,027","8,18,99,76,644.00","93,270"
"02-Jun-2025","EQ","9,130.00","9,165.00","9,040.00","9,180.50","9,119.00","9,118.50","9,115.97","9,660.00","6,375.70","6,61,963","6,03,44,37,736.50","80,263"
"30-May-2025","EQ","9,170.00","9,203.50","9,121.00","9,204.00","9,142.00","9,180.50","9,172.46","9,660.00","6,375.70","15,04,174","13,79,69,75,532.00","79,849"
"29-May-2025","EQ","9,250.00","9,279.50","9,160.00","9,267.50","9,210.00","9,204.00","9,200.05","9,660.00","6,375.70","7,08,175","6,51,52,47,946.50","77,008"
"28-May-2025","EQ","9,245.00","9,294.50","9,141.00","9,171.00","9,282.00","9,267.50","9,236.00","9,660.00","6,375.70","6,50,740","6,01,02,33,304.50","77,345"
"27-May-2025","EQ","9,270.00","9,290.00","9,143.00","9,269.50","9,174.00","9,171.00","9,192.26","9,660.00","6,375.70","7,15,000","6,57,24,65,231.50","87,027"
"26-May-2025","EQ","9,255.00","9,336.50","9,250.00","9,243.50","9,262.00","9,269.50","9,289.86","9,660.00","6,375.70","5,47,679","5,08,78,59,251.00","68,856"
"23-May-2025","EQ","9,139.00","9,286.50","9,111.00","9,139.00","9,248.00","9,243.50","9,232.07","9,660.00","6,375.70","4,25,169","3,92,51,88,798.50","56,398"
"22-May-2025","EQ","9,197.50","9,199.00","9,070.50","9,197.50","9,150.50","9,139.00","9,137.34","9,660.00","6,375.70","6,15,974","5,62,83,62,942.00","93,360"
"21-May-2025","EQ","9,100.00","9,280.00","9,028.50","9,079.00","9,192.00","9,197.50","9,184.41","9,660.00","6,375.70","7,32,150","6,72,43,68,740.00","98,443"
"20-May-2025","EQ","9,298.00","9,310.00","9,069.00","9,255.50","9,085.50","9,079.00","9,139.02","9,660.00","6,375.70","8,10,616","7,40,82,36,843.50","86,187"
"19-May-2025","EQ","9,167.00","9,289.50","9,167.00","9,167.00","9,248.00","9,255.50","9,235.52","9,660.00","6,375.70","7,16,274","6,61,51,61,364.50","63,938"
"16-May-2025","EQ","9,188.50","9,286.00","9,133.50","9,188.50","9,172.00","9,167.00","9,185.88","9,660.00","6,375.70","6,25,192","5,74,29,36,175.50","63,031"
"15-May-2025","EQ","9,099.50","9,215.00","9,028.00","9,081.00","9,182.00","9,188.50","9,125.14","9,660.00","6,375.70","10,38,500","9,47,64,57,633.00","1,09,672"
"14-May-2025","EQ","9,045.00","9,110.50","9,012.00","9,042.00","9,076.00","9,081.00","9,067.58","9,660.00","6,375.70","7,59,400","6,88,59,20,342.50","82,137"
"13-May-2025","EQ","9,004.00","9,163.50","8,991.00","9,018.50","9,050.00","9,042.00","9,077.14","9,660.00","6,375.70","13,36,300","12,12,97,88,245.50","1,36,605"
"12-May-2025","EQ","8,849.00","9,030.00","8,825.50","8,641.00","9,013.00","9,018.50","8,973.91","9,660.00","6,375.70","10,63,822","9,54,66,40,596.00","84,970"
"09-May-2025","EQ","8,650.00","8,781.00","8,605.00","8,832.50","8,662.00","8,641.00","8,663.06","9,660.00","6,375.70","12,15,134","10,52,67,76,560.00","1,14,043"
"08-May-2025","EQ","8,977.00","9,074.50","8,775.00","8,986.50","8,780.00","8,832.50","8,905.64","9,660.00","6,375.70","12,01,809","10,70,28,75,236.00","1,17,820"
"07-May-2025","EQ","8,750.00","8,997.50","8,723.00","8,797.50","8,977.00","8,986.50","8,916.04","9,660.00","6,375.70","11,63,557","10,37,43,20,490.00","1,22,242"
"06-May-2025","EQ","8,911.00","8,974.00","8,750.00","8,932.00","8,785.00","8,797.50","8,812.05","9,660.00","6,375.70","12,04,087","10,61,04,79,824.50","1,23,221"
"05-May-2025","EQ","8,877.50","9,033.00","8,866.00","8,862.50","8,940.00","8,932.00","8,943.11","9,660.00","6,375.70","8,93,061","7,98,67,38,577.50","1,01,616"
"02-May-2025","EQ","8,575.50","8,915.00","8,566.00","8,634.50","8,868.00","8,862.50","8,737.66","9,660.00","6,375.70","22,02,675","19,24,62,31,281.50","1,82,711"
"30-Apr-2025","EQ","8,840.00","8,888.00","8,556.00","9,093.00","8,613.50","8,634.50","8,643.99","9,660.00","6,375.70","39,69,057","34,30,85,03,854.50","4,23,669"
"29-Apr-2025","EQ","9,130.00","9,146.00","8,960.00","9,093.00","9,105.00","9,093.00","9,057.02","9,660.00","6,375.70","11,76,818","10,65,84,68,207.50","1,69,967"
"28-Apr-2025","EQ","9,080.00","9,125.00","9,000.50","9,112.00","9,075.00","9,093.00","9,065.36","9,660.00","6,375.70","9,94,656","9,01,69,19,103.00","1,33,616"
"25-Apr-2025","EQ","9,310.50","9,344.50","8,990.00","9,301.00","9,080.50","9,112.00","9,122.64","9,660.00","6,375.70","10,89,354","9,93,77,87,574.50","1,08,445"
"24-Apr-2025","EQ","9,620.00","9,660.00","9,273.00","9,323.00","9,290.00","9,301.00","9,374.10","9,660.00","6,375.70","18,49,671","17,33,90,07,268.00","1,63,098"
"23-Apr-2025","EQ","9,282.00","9,348.50","9,150.00","9,260.50","9,305.00","9,323.00","9,243.71","9,393.00","6,375.70","10,81,872","10,00,05,08,735.00","1,18,959"
"22-Apr-2025","EQ","9,295.00","9,393.00","9,230.00","9,273.50","9,235.00","9,260.50","9,325.06","9,393.00","6,375.70","11,29,358","10,53,13,29,282.00","1,34,456"
"21-Apr-2025","EQ","9,170.00","9,315.00","9,141.50","9,162.50","9,274.00","9,273.50","9,245.67","9,315.00","6,375.70","7,82,415","7,23,39,50,514.50","86,149"
"17-Apr-2025","EQ","9,040.00","9,190.00","8,952.00","9,056.50","9,170.00","9,162.50","9,079.26","9,290.00","6,375.70","11,41,513","10,36,40,97,830.00","1,13,025"
"16-Apr-2025","EQ","9,149.50","9,171.50","8,964.00","9,141.00","9,065.00","9,056.50","9,062.14","9,290.00","6,375.70","7,19,822","6,52,31,26,008.00","87,994"
"15-Apr-2025","EQ","9,255.50","9,290.00","9,075.50","8,921.10","9,138.00","9,141.00","9,140.06","9,290.00","6,375.70","12,63,361","11,54,71,89,669.50","1,12,755"
"11-Apr-2025","EQ","8,825.05","8,973.50","8,810.70","8,735.80","8,912.00","8,921.10","8,914.28","9,260.05","6,375.70","10,09,722","9,00,09,39,833.10","1,07,731"
"09-Apr-2025","EQ","8,815.00","8,842.00","8,625.00","8,822.25","8,745.00","8,735.80","8,722.67","9,260.05","6,375.70","10,48,774","9,14,81,05,326.60","1,38,514"
"08-Apr-2025","EQ","8,650.00","8,873.00","8,650.00","8,568.00","8,825.05","8,822.25","8,790.59","9,260.05","6,375.70","14,77,563","12,98,86,51,758.25","1,40,461"
"07-Apr-2025","EQ","8,340.00","8,600.50","8,307.15","8,718.85","8,590.10","8,568.00","8,451.39","9,260.05","6,375.70","13,98,124","11,81,60,96,363.45","1,59,133"
"04-Apr-2025","EQ","8,656.00","8,797.00","8,583.80","8,594.60","8,739.90","8,718.85","8,709.85","9,260.05","6,375.70","18,49,658","16,11,02,51,144.45","1,55,607"
"03-Apr-2025","EQ","8,650.00","8,765.00","8,460.20","8,669.25","8,570.00","8,594.60","8,597.51","9,260.05","6,375.70","13,96,633","12,00,75,59,992.75","1,48,865"
"02-Apr-2025","EQ","8,730.00","8,759.85","8,612.00","8,698.20","8,630.00","8,669.25","8,683.17","9,260.05","6,375.70","6,46,495","5,61,36,24,153.90","73,065"
"01-Apr-2025","EQ","8,783.30","8,925.00","8,671.00","8,945.60","8,719.35","8,698.20","8,761.66","9,260.05","6,375.70","11,83,424","10,36,87,58,175.45","1,26,566"
"28-Mar-2025","EQ","8,997.60","9,028.90","8,861.00","9,003.85","8,929.90","8,945.60","8,936.02","9,260.05","6,375.70","9,77,099","8,73,13,79,557.85","96,063"
"27-Mar-2025","EQ","8,861.00","9,055.40","8,822.25","8,866.05","9,004.70","9,003.85","8,982.55","9,260.05","6,375.70","20,92,044","18,79,18,87,533.70","1,30,155"
"26-Mar-2025","EQ","9,102.05","9,126.90","8,849.95","9,067.25","8,870.00","8,866.05","8,956.50","9,260.05","6,375.70","8,86,211","7,93,73,51,688.05","91,406"
"25-Mar-2025","EQ","9,125.00","9,260.05","8,977.05","9,090.05","9,040.00","9,067.25","9,099.50","9,260.05","6,375.70","17,48,260","15,90,82,85,700.90","1,68,353"
"24-Mar-2025","EQ","9,095.95","9,115.00","8,927.00","8,916.10","9,079.70","9,090.05","9,050.90","9,115.00","6,375.70","14,33,217","12,97,19,03,809.20","1,39,069"
"21-Mar-2025","EQ","9,039.95","9,089.00","8,831.00","8,679.65","8,911.10","8,916.10","8,928.93","9,089.00","6,375.70","27,44,801","24,50,81,42,273.20","1,88,335"
"20-Mar-2025","EQ","8,725.00","8,768.05","8,541.15","8,731.60","8,680.00","8,679.65","8,649.09","8,879.00","6,375.70","7,92,433","6,85,38,22,658.90","1,00,459"
"19-Mar-2025","EQ","8,700.00","8,879.00","8,682.60","8,682.50","8,693.25","8,731.60","8,784.84","8,879.00","6,375.70","12,89,820","11,33,08,61,437.60","1,23,937"
"18-Mar-2025","EQ","8,615.00","8,699.00","8,494.80","8,580.35","8,694.00","8,682.50","8,606.53","8,739.00","6,375.70","11,03,110","9,49,39,45,717.35","90,493"
"17-Mar-2025","EQ","8,399.20","8,629.95","8,386.00","8,420.45","8,580.00","8,580.35","8,566.96","8,739.00","6,375.70","11,02,085","9,44,15,19,270.45","1,03,206"
"13-Mar-2025","EQ","8,500.00","8,560.00","8,393.00","8,484.45","8,415.00","8,420.45","8,471.30","8,739.00","6,297.80","12,17,351","10,31,25,44,763.65","1,08,914"
"12-Mar-2025","EQ","8,341.10","8,524.50","8,272.55","8,340.45","8,515.45","8,484.45","8,393.12","8,739.00","6,297.80","20,88,223","17,52,67,06,410.45","1,00,018"
"11-Mar-2025","EQ","8,305.00","8,375.00","8,211.25","8,342.60","8,344.90","8,340.45","8,304.82","8,739.00","6,297.80","8,13,567","6,75,65,31,010.55","97,805"
"10-Mar-2025","EQ","8,437.75","8,637.90","8,326.05","8,404.50","8,330.00","8,342.60","8,474.89","8,739.00","6,297.80","10,16,453","8,61,43,32,254.60","1,15,793"
"07-Mar-2025","EQ","8,409.90","8,470.00","8,366.45","8,410.85","8,406.00","8,404.50","8,419.84","8,739.00","6,187.80","4,72,946","3,98,21,27,841.45","64,573"
"06-Mar-2025","EQ","8,365.00","8,459.80","8,275.55","8,298.70","8,384.00","8,410.85","8,386.18","8,739.00","6,187.80","8,81,422","7,39,17,64,661.45","1,28,900"
"05-Mar-2025","EQ","8,455.00","8,500.00","8,221.00","8,585.95","8,297.00","8,298.70","8,340.74","8,739.00","6,187.80","16,30,092","13,59,61,81,067.00","1,66,591"
"04-Mar-2025","EQ","8,522.20","8,619.30","8,513.65","8,627.85","8,576.35","8,585.95","8,568.46","8,739.00","6,187.80","7,65,506","6,55,92,07,035.55","97,645"
"03-Mar-2025","EQ","8,536.00","8,650.80","8,438.10","8,530.30","8,647.00","8,627.85","8,568.04","8,739.00","6,187.80","8,74,996","7,49,69,99,725.85","1,09,736"
"28-Feb-2025","EQ","8,665.00","8,670.00","8,510.05","8,705.40","8,546.00","8,530.30","8,570.85","8,739.00","6,187.80","17,54,580","15,03,82,39,540.50","1,54,691"
"27-Feb-2025","EQ","8,542.60","8,739.00","8,542.60","8,488.80","8,660.75","8,705.40","8,687.83","8,739.00","6,187.80","18,38,283","15,97,06,91,652.65","2,05,850"
"25-Feb-2025","EQ","8,354.95","8,526.65","8,338.05","8,354.95","8,472.00","8,488.80","8,477.93","8,662.80","6,187.80","10,98,541","9,31,33,51,852.30","1,27,296"
"24-Feb-2025","EQ","8,328.00","8,399.00","8,311.05","8,396.70","8,345.00","8,354.95","8,361.05","8,662.80","6,187.80","3,55,260","2,97,03,47,450.60","71,140"
"21-Feb-2025","EQ","8,360.00","8,420.30","8,288.00","8,399.45","8,387.00","8,396.70","8,367.99","8,662.80","6,187.80","6,08,647","5,09,31,51,150.40","95,180"
"20-Feb-2025","EQ","8,355.85","8,455.60","8,345.65","8,439.45","8,384.30","8,399.45","8,398.68","8,662.80","6,187.80","7,90,070","6,63,55,43,165.00","1,01,049"
"19-Feb-2025","EQ","8,459.15","8,529.00","8,400.00","8,465.90","8,430.00","8,439.45","8,465.20","8,662.80","6,187.80","8,96,198","7,58,64,91,245.70","1,20,371"
"18-Feb-2025","EQ","8,430.00","8,480.00","8,360.70","8,426.60","8,450.00","8,465.90","8,435.91","8,662.80","6,187.80","8,68,977","7,33,06,11,281.40","1,16,664"
"17-Feb-2025","EQ","8,220.25","8,488.00","8,220.25","8,392.30","8,425.05","8,426.60","8,416.41","8,662.80","6,187.80","8,62,799","7,26,16,70,120.65","1,08,327"
"14-Feb-2025","EQ","8,408.55","8,455.60","8,282.00","8,409.00","8,376.00","8,392.30","8,374.46","8,662.80","6,187.80","8,63,315","7,22,97,96,814.90","1,54,600"
"13-Feb-2025","EQ","8,197.05","8,498.00","8,197.05","8,214.05","8,401.00","8,409.00","8,408.57","8,662.80","6,187.80","18,00,313","15,13,80,59,388.20","2,16,047"
"12-Feb-2025","EQ","8,149.65","8,284.00","8,025.00","8,191.20","8,205.80","8,214.05","8,167.65","8,662.80","6,187.80","14,83,731","12,11,86,00,924.60","1,45,069"
"11-Feb-2025","EQ","8,299.00","8,355.10","8,139.35","8,286.80","8,182.25","8,191.20","8,221.51","8,662.80","6,187.80","9,63,059","7,91,77,94,440.65","1,44,441"
"10-Feb-2025","EQ","8,478.80","8,488.00","8,220.00","8,474.25","8,283.00","8,286.80","8,299.26","8,662.80","6,187.80","12,43,838","10,32,29,40,705.60","1,23,520"
"07-Feb-2025","EQ","8,585.00","8,585.00","8,383.90","8,507.30","8,476.65","8,474.25","8,475.59","8,662.80","6,187.80","9,66,540","8,19,19,91,962.45","1,24,302"
"06-Feb-2025","EQ","8,534.25","8,662.80","8,462.00","8,509.45","8,512.00","8,507.30","8,539.27","8,662.80","6,187.80","17,09,473","14,59,76,43,862.95","1,33,578"
"05-Feb-2025","EQ","8,500.00","8,588.70","8,445.50","8,475.35","8,497.10","8,509.45","8,507.71","8,588.70","6,187.80","18,67,493","15,88,80,83,062.55","1,69,832"
"04-Feb-2025","EQ","8,425.00","8,490.00","8,303.00","8,425.80","8,440.00","8,475.35","8,408.81","8,490.00","6,187.80","19,66,300","16,53,42,42,243.50","2,72,188"
"03-Feb-2025","EQ","7,922.20","8,439.30","7,921.05","8,000.10","8,410.00","8,425.80","8,220.07","8,439.30","6,187.80","43,36,926","35,64,98,31,136.05","3,93,397"
"01-Feb-2025","EQ","7,880.00","8,109.95","7,784.40","7,885.10","8,001.00","8,000.10","7,975.69","8,250.65","6,187.80","16,15,378","12,88,37,60,900.70","1,19,672"
"31-Jan-2025","EQ","7,925.00","7,980.65","7,791.00","7,901.65","7,898.75","7,885.10","7,889.80","8,250.65","6,187.80","18,33,546","14,46,63,08,765.35","1,75,966"
"30-Jan-2025","EQ","7,850.00","8,250.65","7,850.00","7,759.65","7,925.00","7,901.65","8,024.32","8,250.65","6,187.80","56,48,883","45,32,84,72,070.85","4,06,837"
"29-Jan-2025","EQ","7,657.25","7,787.00","7,568.95","7,606.60","7,759.85","7,759.65","7,721.51","7,824.00","6,187.80","15,14,920","11,69,74,73,038.50","1,87,016"
"28-Jan-2025","EQ","7,390.00","7,706.80","7,345.00","7,295.45","7,610.00","7,606.60","7,563.70","7,824.00","6,187.80","24,78,933","18,74,98,94,586.80","2,31,617"
"27-Jan-2025","EQ","7,380.10","7,474.50","7,260.00","7,438.60","7,280.00","7,295.45","7,352.53","7,824.00","6,187.80","6,92,810","5,09,39,07,127.70","79,231"
"24-Jan-2025","EQ","7,443.25","7,505.00","7,338.30","7,443.25","7,430.00","7,438.60","7,446.29","7,824.00","6,187.80","6,79,687","5,06,11,45,721.75","78,084"
"23-Jan-2025","EQ","7,341.00","7,524.00","7,325.00","7,397.15","7,442.00","7,443.25","7,452.70","7,824.00","6,187.80","10,30,295","7,67,84,84,044.05","99,054"
"22-Jan-2025","EQ","7,339.00","7,420.25","7,260.35","7,291.65","7,394.95","7,397.15","7,331.95","7,824.00","6,187.80","7,27,368","5,33,30,24,131.70","83,741"
"21-Jan-2025","EQ","7,450.00","7,485.00","7,277.60","7,440.10","7,310.00","7,291.65","7,366.62","7,824.00","6,187.80","10,03,206","7,39,02,35,487.70","1,22,479"
"20-Jan-2025","EQ","7,182.10","7,470.00","7,182.10","7,182.10","7,427.50","7,440.10","7,390.35","7,824.00","6,187.80","10,67,971","7,89,26,84,655.50","1,19,221"
"17-Jan-2025","EQ","7,221.00","7,284.95","7,156.30","7,259.75","7,185.00","7,182.10","7,216.33","7,824.00","6,187.80","6,65,274","4,80,08,33,640.25","82,589"
"16-Jan-2025","EQ","7,200.00","7,289.00","7,194.05","7,177.40","7,253.05","7,259.75","7,253.15","7,824.00","6,187.80","8,60,849","6,24,38,69,263.40","87,340"
"15-Jan-2025","EQ","7,340.50","7,350.00","7,105.20","7,335.00","7,172.95","7,177.40","7,178.61","7,824.00","6,187.80","6,81,750","4,89,40,18,113.85","86,703"
"14-Jan-2025","EQ","7,230.00","7,388.00","7,191.15","7,150.95","7,342.10","7,335.00","7,330.07","7,824.00","6,187.80","9,98,011","7,31,54,87,115.25","1,39,664"
"13-Jan-2025","EQ","7,240.00","7,255.10","7,134.00","7,288.05","7,150.00","7,150.95","7,186.74","7,824.00","6,187.80","6,64,274","4,77,39,63,938.40","83,899"
"10-Jan-2025","EQ","7,277.45","7,367.05","7,245.05","7,277.45","7,293.00","7,288.05","7,298.39","7,830.00","6,187.80","8,08,963","5,90,41,27,035.55","86,689"
"09-Jan-2025","EQ","7,338.45","7,355.40","7,236.00","7,355.40","7,291.70","7,277.45","7,272.61","7,830.00","6,187.80","6,68,141","4,85,91,26,680.85","77,798"
"08-Jan-2025","EQ","7,361.85","7,388.45","7,256.70","7,353.95","7,338.65","7,355.40","7,321.00","7,830.00","6,187.80","8,44,466","6,18,23,34,272.40","80,722"
"07-Jan-2025","EQ","7,354.95","7,446.90","7,301.45","7,349.35","7,339.85","7,353.95","7,371.34","7,830.00","6,187.80","10,42,538","7,68,49,02,854.05","98,286"
"06-Jan-2025","EQ","7,500.00","7,599.90","7,316.75","7,407.25","7,369.90","7,349.35","7,476.99","7,830.00","6,187.80","19,05,976","14,25,09,57,133.65","1,82,775"
"03-Jan-2025","EQ","7,389.75","7,500.00","7,359.25","7,389.20","7,367.90","7,407.25","7,423.47","7,830.00","6,187.80","15,05,928","11,17,92,04,585.25","1,39,616"
"02-Jan-2025","EQ","6,980.00","7,430.00","6,971.00","6,935.30","7,373.60","7,389.20","7,279.06","7,830.00","6,187.80","31,71,651","23,08,66,44,007.70","2,54,919"
"01-Jan-2025","EQ","6,823.00","6,947.95","6,806.00","6,823.00","6,940.00","6,935.30","6,898.89","7,830.00","6,187.80","4,18,721","2,88,87,11,434.00","51,537"
"31-Dec-2024","EQ","6,869.95","6,877.00","6,792.00","6,888.25","6,835.00","6,823.00","6,825.62","7,830.00","6,187.80","6,15,398","4,20,04,75,279.30","75,307"
"30-Dec-2024","EQ","6,900.00","6,995.00","6,865.00","6,907.75","6,889.15","6,888.25","6,912.32","7,830.00","6,187.80","4,90,876","3,39,30,89,810.60","50,466"
"27-Dec-2024","EQ","6,846.85","6,976.70","6,830.40","6,815.75","6,901.00","6,907.75","6,923.17","7,830.00","6,187.80","5,55,418","3,84,52,53,938.65","65,835"
"26-Dec-2024","EQ","6,830.40","6,858.00","6,800.05","6,808.20","6,810.00","6,815.75","6,832.80","7,830.00","6,187.80","3,29,096","2,24,86,47,811.05","60,398"
"24-Dec-2024","EQ","6,882.00","6,910.00","6,794.00","6,866.70","6,810.00","6,808.20","6,828.83","7,830.00","6,187.80","6,01,427","4,10,70,43,152.10","55,078"
"23-Dec-2024","EQ","6,897.00","6,976.90","6,855.95","6,848.25","6,868.00","6,866.70","6,899.96","7,830.00","6,187.80","5,82,928","4,02,21,78,744.40","75,903"
"20-Dec-2024","EQ","6,913.35","7,024.00","6,804.70","6,918.55","6,829.95","6,848.25","6,862.09","7,830.00","6,187.80","27,00,019","18,52,77,68,544.10","1,32,637"
"19-Dec-2024","EQ","6,950.00","7,024.45","6,887.85","7,074.45","6,915.00","6,918.55","6,928.30","7,830.00","6,187.80","9,07,675","6,28,86,44,189.10","1,20,117"
"18-Dec-2024","EQ","7,149.00","7,178.80","7,060.40","7,152.80","7,071.15","7,074.45","7,102.45","7,830.00","6,187.80","7,27,514","5,16,71,29,579.90","1,01,261"
"17-Dec-2024","EQ","7,200.00","7,257.40","7,110.00","7,208.40","7,145.00","7,152.80","7,168.78","7,830.00","6,187.80","10,31,856","7,39,71,44,089.85","80,129"
"16-Dec-2024","EQ","7,182.80","7,248.00","7,156.10","7,182.80","7,200.00","7,208.40","7,210.65","7,830.00","6,187.80","7,96,074","5,74,02,12,278.65","82,441"
"13-Dec-2024","EQ","7,099.00","7,217.25","6,980.60","7,125.80","7,175.10","7,182.80","7,117.48","7,830.00","6,187.80","12,50,436","8,89,99,48,311.50","1,22,645"
"12-Dec-2024","EQ","7,121.85","7,148.40","7,075.00","7,115.10","7,115.00","7,125.80","7,125.73","7,830.00","6,187.80","9,66,796","6,88,91,28,655.95","99,964"
"11-Dec-2024","EQ","6,959.90","7,165.00","6,893.10","6,936.20","7,099.00","7,115.10","7,052.13","7,830.00","6,187.80","19,93,104","14,05,56,36,608.35","1,42,779"
"10-Dec-2024","EQ","6,884.80","6,958.85","6,844.05","6,868.35","6,935.00","6,936.20","6,912.65","7,830.00","6,187.80","12,04,563","8,32,67,19,633.25","86,609"
"09-Dec-2024","EQ","6,850.10","6,925.00","6,827.90","6,850.30","6,878.95","6,868.35","6,880.87","7,830.00","6,187.80","8,40,910","5,78,61,94,623.50","72,729"
"06-Dec-2024","EQ","6,875.95","6,935.00","6,778.65","6,850.40","6,846.00","6,850.30","6,862.73","7,830.00","6,187.80","8,33,207","5,71,80,78,379.25","86,376"
"05-Dec-2024","EQ","6,760.00","6,889.90","6,685.45","6,740.00","6,853.00","6,850.40","6,808.94","7,830.00","6,187.80","13,48,243","9,18,01,11,363.30","1,34,292"
"04-Dec-2024","EQ","6,701.75","6,764.40","6,666.85","6,675.45","6,735.00","6,740.00","6,722.53","7,830.00","6,187.80","11,30,441","7,59,94,25,857.55","85,661"
"03-Dec-2024","EQ","6,696.15","6,722.40","6,630.80","6,650.65","6,661.00","6,675.45","6,675.93","7,830.00","6,187.80","13,13,666","8,76,99,43,011.20","94,736"
"02-Dec-2024","EQ","6,595.00","6,665.00","6,491.00","6,575.90","6,646.95","6,650.65","6,585.03","7,830.00","6,187.80","9,20,249","6,05,98,69,259.75","96,611"
"29-Nov-2024","EQ","6,519.00","6,609.00","6,510.35","6,509.40","6,565.00","6,575.90","6,568.89","7,830.00","6,187.80","7,09,643","4,66,15,70,254.05","77,596"
"28-Nov-2024","EQ","6,714.00","6,726.25","6,495.00","6,705.20","6,539.00","6,509.40","6,585.34","7,830.00","6,187.80","15,76,882","10,38,43,06,029.80","1,44,382"
"27-Nov-2024","EQ","6,650.00","6,733.30","6,612.25","6,617.95","6,708.00","6,705.20","6,694.22","7,830.00","6,187.80","6,42,010","4,29,77,56,839.05","64,396"
"26-Nov-2024","EQ","6,722.00","6,739.80","6,608.45","6,685.40","6,625.35","6,617.95","6,653.30","7,830.00","6,187.80","6,63,278","4,41,29,90,214.25","82,239"
"25-Nov-2024","EQ","6,789.90","6,863.00","6,667.30","6,683.95","6,700.05","6,685.40","6,731.31","7,830.00","6,187.80","11,32,751","7,62,49,00,931.65","1,12,207"
"22-Nov-2024","EQ","6,470.00","6,722.40","6,456.05","6,465.65","6,720.00","6,683.95","6,620.57","7,830.00","6,187.80","9,69,855","6,42,09,90,288.00","1,07,298"
"21-Nov-2024","EQ","6,614.00","6,614.00","6,451.00","6,595.30","6,460.00","6,465.65","6,486.13","7,830.00","6,187.80","11,01,080","7,14,17,50,733.45","1,14,550"
"19-Nov-2024","EQ","6,594.35","6,644.80","6,561.00","6,567.95","6,580.00","6,595.30","6,598.99","7,830.00","6,187.80","8,04,046","5,30,58,94,897.15","89,644"
"18-Nov-2024","EQ","6,633.00","6,657.00","6,555.00","6,549.15","6,565.05","6,567.95","6,589.82","7,830.00","6,187.80","5,96,535","3,93,10,56,101.20","66,962"
"14-Nov-2024","EQ","6,572.30","6,639.45","6,530.00","6,566.00","6,570.00","6,549.15","6,565.76","7,830.00","6,187.80","5,27,703","3,46,47,71,022.90","83,537"
"13-Nov-2024","EQ","6,635.00","6,702.25","6,526.60","6,638.20","6,586.00","6,566.00","6,601.80","7,830.00","6,187.80","8,67,347","5,72,60,51,757.45","1,01,724"
"12-Nov-2024","EQ","6,819.00","6,836.85","6,615.00","6,778.80","6,635.15","6,638.20","6,681.15","7,830.00","6,187.80","10,57,233","7,06,35,35,306.55","1,23,883"
"11-Nov-2024","EQ","6,860.00","6,904.20","6,752.15","6,895.95","6,765.00","6,778.80","6,832.81","7,830.00","6,187.80","7,62,316","5,20,87,56,890.90","57,687"
"08-Nov-2024","EQ","6,904.50","6,951.55","6,841.00","6,904.50","6,874.00","6,895.95","6,893.79","7,830.00","6,187.80","4,24,840","2,92,87,59,136.00","70,304"
"07-Nov-2024","EQ","7,006.20","7,038.95","6,870.00","7,006.20","6,900.00","6,904.50","6,915.52","7,830.00","6,187.80","4,59,047","3,17,45,49,129.75","63,793"
"06-Nov-2024","EQ","6,935.00","7,024.10","6,892.30","6,930.35","6,990.00","7,006.20","6,975.33","7,830.00","6,187.80","6,96,262","4,85,66,55,555.40","91,030"
"05-Nov-2024","EQ","6,845.00","7,014.95","6,712.00","6,843.70","6,896.70","6,930.35","6,870.96","7,830.00","6,187.80","12,23,430","8,40,61,38,367.90","1,66,177"
"04-Nov-2024","EQ","6,975.00","6,975.00","6,752.90","6,923.60","6,832.00","6,843.70","6,826.16","7,830.00","6,187.80","7,16,239","4,88,91,61,003.80","1,03,657"
"01-Nov-2024","EQ","6,930.00","6,944.55","6,902.00","6,889.75","6,911.05","6,923.60","6,926.41","7,830.00","6,187.80","45,011","31,17,64,802.50","7,918"
"31-Oct-2024","EQ","6,949.00","6,970.80","6,879.75","6,955.00","6,897.35","6,889.75","6,906.19","7,830.00","6,187.80","7,30,153","5,04,25,76,384.00","1,07,692"
"30-Oct-2024","EQ","6,999.00","7,020.45","6,932.00","7,022.50","6,965.00","6,955.00","6,965.91","7,830.00","6,187.80","5,66,044","3,94,30,12,838.65","58,711"
"29-Oct-2024","EQ","6,909.10","7,060.00","6,802.20","6,911.35","6,999.00","7,022.50","6,940.70","7,830.00","6,187.80","14,09,750","9,78,46,48,267.70","1,52,135"
"28-Oct-2024","EQ","6,920.00","7,045.00","6,875.00","6,910.15","6,916.65","6,911.35","6,944.13","7,830.00","6,187.80","7,14,981","4,96,49,18,555.90","66,081"
"25-Oct-2024","EQ","7,040.90","7,059.95","6,893.30","7,040.90","6,905.00","6,910.15","6,966.87","7,884.90","6,187.80","10,22,324","7,12,24,00,380.15","1,16,833"
"24-Oct-2024","EQ","7,012.50","7,122.85","6,990.60","6,995.80","7,037.05","7,040.90","7,041.13","7,884.90","6,187.80","8,95,125","6,30,26,91,464.00","1,10,081"
"23-Oct-2024","EQ","6,605.75","7,098.85","6,601.00","6,677.90","7,004.85","6,995.80","6,988.30","7,884.90","6,187.80","26,37,391","18,43,08,74,698.70","2,22,733"
"22-Oct-2024","EQ","6,800.00","6,833.00","6,643.65","6,780.90","6,645.75","6,677.90","6,731.90","7,884.90","6,187.80","17,00,619","11,44,83,91,186.35","1,65,569"
"21-Oct-2024","EQ","6,909.05","6,950.75","6,717.25","6,899.55","6,758.00","6,780.90","6,774.84","7,884.90","6,187.80","22,09,966","14,97,21,57,576.75","1,59,111"
"18-Oct-2024","EQ","6,893.00","6,938.65","6,820.70","6,899.50","6,910.05","6,899.55","6,891.94","8,159.00","6,187.80","7,44,929","5,13,40,06,328.95","87,074"
"17-Oct-2024","EQ","6,980.95","6,998.80","6,871.00","6,956.35","6,896.00","6,899.50","6,916.07","8,159.00","6,187.80","6,89,755","4,77,03,93,117.15","79,564"
"16-Oct-2024","EQ","7,010.00","7,059.35","6,920.00","7,016.90","6,944.95","6,956.35","6,962.66","8,159.00","6,187.80","11,25,698","7,83,78,49,812.95","1,22,278"
"15-Oct-2024","EQ","7,244.90","7,256.15","6,979.00","7,208.80","7,029.80","7,016.90","7,060.92","8,159.00","6,187.80","14,85,567","10,48,94,72,544.35","1,82,002"
"14-Oct-2024","EQ","7,292.70","7,313.85","7,200.00","7,302.00","7,210.15","7,208.80","7,228.14","8,159.00","6,187.80","4,45,181","3,21,78,32,712.75","61,662"
"11-Oct-2024","EQ","7,325.00","7,330.00","7,226.05","7,319.70","7,300.10","7,302.00","7,282.11","8,173.00","6,187.80","3,61,587","2,63,31,16,713.40","45,268"
"10-Oct-2024","EQ","7,320.00","7,368.00","7,273.00","7,300.45","7,329.00","7,319.70","7,325.48","8,173.00","6,187.80","5,59,427","4,09,80,68,992.95","70,390"
"09-Oct-2024","EQ","7,216.00","7,426.80","7,206.10","7,186.95","7,308.45","7,300.45","7,341.32","8,173.00","6,187.80","10,54,375","7,74,05,02,166.75","1,07,226"
"08-Oct-2024","EQ","7,264.85","7,295.40","7,160.05","7,269.40","7,215.00","7,186.95","7,214.24","8,173.00","6,187.80","9,03,805","6,52,02,66,871.70","1,14,674"
"07-Oct-2024","EQ","7,211.35","7,324.00","7,190.30","7,211.35","7,260.00","7,269.40","7,253.42","8,173.00","6,187.80","9,36,227","6,79,08,43,408.10","1,00,138"
"04-Oct-2024","EQ","7,420.00","7,430.00","7,155.00","7,433.85","7,221.00","7,211.35","7,271.26","8,192.00","6,187.80","17,68,111","12,85,63,97,662.15","1,77,344"
"03-Oct-2024","EQ","7,610.00","7,700.00","7,381.00","7,703.00","7,417.60","7,433.85","7,521.47","8,192.00","6,187.80","10,40,662","7,82,73,07,308.50","1,44,760"
"01-Oct-2024","EQ","7,660.10","7,814.65","7,651.00","7,703.00","7,722.00","7,703.00","7,738.32","8,192.00","6,187.80","7,88,288","6,10,00,25,321.10","1,15,033"
"30-Sep-2024","EQ","7,746.00","7,824.00","7,676.15","7,756.00","7,697.85","7,703.00","7,748.89","8,192.00","6,187.80","9,61,952","7,45,40,56,729.75","84,170"
"27-Sep-2024","EQ","7,780.00","7,810.00","7,711.00","7,768.40","7,748.00","7,756.00","7,763.32","8,192.00","6,187.80","11,78,131","9,14,62,05,846.85","1,11,773"
"26-Sep-2024","EQ","7,640.00","7,779.40","7,587.55","7,623.90","7,750.50","7,768.40","7,703.91","8,192.00","6,187.80","16,68,165","12,85,13,98,916.45","1,35,704"
"25-Sep-2024","EQ","7,545.00","7,640.00","7,498.05","7,554.20","7,609.05","7,623.90","7,594.79","8,192.00","6,187.80","12,72,038","9,66,08,56,892.35","1,15,651"
"24-Sep-2024","EQ","7,597.00","7,603.45","7,483.90","7,595.10","7,540.05","7,554.20","7,540.36","8,192.00","6,187.80","10,69,540","8,06,47,16,233.30","1,08,687"
"23-Sep-2024","EQ","7,625.75","7,635.95","7,531.70","7,582.45","7,590.00","7,595.10","7,583.00","8,192.00","6,187.80","5,73,497","4,34,88,26,873.50","63,656"
"20-Sep-2024","EQ","7,635.00","7,655.00","7,487.25","7,590.35","7,598.00","7,582.45","7,577.97","8,192.00","6,187.80","16,45,004","12,46,57,84,114.10","1,50,922"
"19-Sep-2024","EQ","7,675.00","7,748.00","7,560.00","7,631.10","7,598.00","7,590.35","7,637.72","8,192.00","6,187.80","17,20,644","13,14,17,98,915.40","1,36,094"
"18-Sep-2024","EQ","7,387.25","7,672.50","7,378.50","7,365.50","7,613.00","7,631.10","7,583.53","8,192.00","6,187.80","29,74,993","22,56,09,42,837.00","2,15,987"
"17-Sep-2024","EQ","7,337.50","7,455.00","7,286.15","7,345.75","7,361.20","7,365.50","7,382.20","8,192.00","6,187.80","15,67,786","11,57,37,10,141.40","1,37,797"
"16-Sep-2024","EQ","7,680.00","7,680.00","7,322.00","7,598.50","7,342.00","7,345.75","7,453.97","8,192.00","6,187.80","26,79,555","19,97,33,29,755.75","2,28,453"
"13-Sep-2024","EQ","7,428.30","7,660.00","7,352.00","7,428.30","7,596.00","7,598.50","7,553.47","8,192.00","6,187.80","22,08,438","16,68,13,66,151.95","1,77,346"
"12-Sep-2024","EQ","7,420.00","7,440.00","7,296.60","7,345.55","7,417.00","7,428.30","7,391.68","8,192.00","6,187.80","14,46,764","10,69,40,21,568.80","1,36,881"
"11-Sep-2024","EQ","7,250.00","7,432.00","7,206.30","7,241.85","7,361.00","7,345.55","7,343.73","8,192.00","6,187.80","11,04,890","8,11,40,15,820.00","1,07,918"
"10-Sep-2024","EQ","7,369.95","7,369.95","7,193.00","7,347.45","7,244.00","7,241.85","7,247.41","8,192.00","6,187.80","13,08,932","9,48,63,62,980.25","1,47,151"
"09-Sep-2024","EQ","7,324.00","7,377.95","7,262.80","7,317.15","7,342.00","7,347.45","7,331.02","8,192.00","6,187.80","8,78,938","6,44,35,13,244.50","1,21,880"
"06-Sep-2024","EQ","7,255.55","7,395.00","7,255.55","7,244.90","7,314.85","7,317.15","7,328.76","8,192.00","6,187.80","18,42,827","13,50,56,29,079.25","1,66,279"
"05-Sep-2024","EQ","7,320.00","7,326.65","7,193.00","7,299.50","7,235.00","7,244.90","7,246.10","8,192.00","6,187.80","6,73,447","4,87,98,64,215.35","77,709"
"04-Sep-2024","EQ","7,254.95","7,377.00","7,245.25","7,353.80","7,297.90","7,299.50","7,307.13","8,192.00","6,187.80","8,86,746","6,47,95,69,195.65","79,615"
"03-Sep-2024","EQ","7,460.00","7,460.00","7,206.10","7,440.05","7,338.50","7,353.80","7,311.48","8,192.00","6,187.80","18,98,656","13,88,19,84,350.05","1,65,740"
"02-Sep-2024","EQ","7,274.00","7,450.00","7,229.00","7,200.15","7,420.00","7,440.05","7,374.26","8,192.00","6,187.80","22,96,378","16,93,40,82,436.55","2,09,089"
"30-Aug-2024","EQ","7,071.05","7,215.05","7,071.05","7,063.55","7,210.00","7,200.15","7,177.87","8,192.00","6,187.80","20,44,367","14,67,42,02,525.30","1,52,391"
"29-Aug-2024","EQ","6,889.05","7,158.00","6,881.55","6,900.00","7,066.65","7,063.55","7,067.96","8,192.00","6,187.80","26,39,159","18,65,34,71,149.90","2,41,887"
"28-Aug-2024","EQ","6,876.00","6,917.00","6,852.00","6,863.60","6,900.00","6,900.00","6,888.81","8,192.00","6,187.80","8,48,986","5,84,85,04,187.75","78,498"
"27-Aug-2024","EQ","6,778.35","6,873.35","6,730.00","6,778.35","6,865.00","6,863.60","6,817.94","8,192.00","6,187.80","20,35,902","13,88,06,53,632.65","1,37,988"
"26-Aug-2024","EQ","6,776.00","6,819.00","6,756.05","6,735.85","6,782.00","6,778.35","6,784.13","8,192.00","6,187.80","8,98,343","6,09,44,76,482.90","69,051"
"23-Aug-2024","EQ","6,755.00","6,762.00","6,704.95","6,743.60","6,732.00","6,735.85","6,736.95","8,192.00","6,187.80","6,18,045","4,16,37,36,372.50","55,305"
"22-Aug-2024","EQ","6,750.00","6,765.00","6,723.90","6,735.35","6,745.00","6,743.60","6,746.48","8,192.00","6,187.80","7,28,260","4,91,31,91,079.25","79,471"
"21-Aug-2024","EQ","6,721.95","6,747.30","6,695.00","6,722.20","6,734.00","6,735.35","6,730.52","8,192.00","6,187.80","6,33,111","4,26,11,69,264.10","61,864"
"20-Aug-2024","EQ","6,647.35","6,773.90","6,616.35","6,616.35","6,710.40","6,722.20","6,714.28","8,192.00","6,187.80","9,57,159","6,42,66,35,507.05","1,15,658"
"19-Aug-2024","EQ","6,638.00","6,656.00","6,593.60","6,590.90","6,619.00","6,616.35","6,617.09","8,192.00","6,187.80","5,28,730","3,49,86,55,983.40","61,108"
"16-Aug-2024","EQ","6,505.00","6,600.00","6,425.00","6,458.50","6,585.95","6,590.90","6,518.16","8,192.00","6,187.80","7,53,419","4,91,09,03,764.30","92,530"
"14-Aug-2024","EQ","6,482.50","6,489.95","6,430.95","6,465.05","6,474.00","6,458.50","6,454.93","8,192.00","6,187.80","7,74,276","4,99,78,95,619.30","90,976"
"13-Aug-2024","EQ","6,644.95","6,644.95","6,452.20","6,608.15","6,480.00","6,465.05","6,531.48","8,192.00","6,187.80","10,72,327","7,00,38,86,318.05","1,20,346"
"12-Aug-2024","EQ","6,619.10","6,645.00","6,564.05","6,618.20","6,600.00","6,608.15","6,608.56","8,192.00","6,187.80","6,74,887","4,46,00,33,263.25","57,291"
"09-Aug-2024","EQ","6,700.00","6,700.00","6,591.00","6,582.20","6,625.00","6,618.20","6,613.81","8,192.00","6,187.80","6,99,490","4,62,62,92,347.20","68,270"
"08-Aug-2024","EQ","6,625.05","6,678.05","6,571.35","6,637.15","6,578.00","6,582.20","6,616.64","8,192.00","6,187.80","6,90,389","4,56,80,57,247.85","69,608"
"07-Aug-2024","EQ","6,600.00","6,659.35","6,581.10","6,538.35","6,634.00","6,637.15","6,631.03","8,192.00","6,187.80","4,64,284","3,07,86,81,121.25","50,099"
"06-Aug-2024","EQ","6,626.00","6,697.00","6,511.50","6,596.70","6,554.90","6,538.35","6,583.77","8,192.00","6,187.80","8,91,828","5,87,15,90,364.80","89,592"
"05-Aug-2024","EQ","6,650.00","6,650.00","6,532.60","6,725.00","6,600.00","6,596.70","6,587.04","8,192.00","6,187.80","9,44,041","6,21,84,35,946.90","96,566"
"02-Aug-2024","EQ","6,725.00","6,750.00","6,673.10","6,771.65","6,720.80","6,725.00","6,723.48","8,192.00","6,187.80","6,22,218","4,18,34,69,919.40","78,327"
"01-Aug-2024","EQ","6,831.50","6,844.00","6,750.00","6,806.95","6,768.00","6,771.65","6,793.27","8,192.00","6,187.80","8,39,523","5,70,31,10,032.25","79,045"
"31-Jul-2024","EQ","6,826.95","6,855.00","6,793.00","6,823.60","6,809.45","6,806.95","6,821.38","8,192.00","6,187.80","8,89,659","6,06,86,99,460.50","72,380"
"30-Jul-2024","EQ","6,812.45","6,899.00","6,783.00","6,812.45","6,807.10","6,823.60","6,840.00","8,192.00","6,187.80","11,79,413","8,06,71,89,280.90","1,45,013"
"29-Jul-2024","EQ","6,823.85","6,855.00","6,765.75","6,789.75","6,820.00","6,812.45","6,814.64","8,192.00","6,187.80","7,48,565","5,10,12,01,683.90","1,07,143"
"26-Jul-2024","EQ","6,675.05","6,808.40","6,667.10","6,647.75","6,799.50","6,789.75","6,766.26","8,192.00","6,187.80","11,10,184","7,51,17,91,200.10","1,44,585"
"25-Jul-2024","EQ","6,560.00","6,666.00","6,551.45","6,607.15","6,660.00","6,647.75","6,624.67","8,192.00","6,187.80","9,50,965","6,29,98,30,192.90","87,496"
"24-Jul-2024","EQ","6,630.00","6,654.70","6,541.05","6,727.10","6,614.90","6,607.15","6,582.68","8,192.00","6,187.80","31,00,626","20,41,04,39,669.35","3,03,652"
"23-Jul-2024","EQ","6,934.00","6,944.85","6,620.00","6,884.25","6,728.00","6,727.10","6,762.85","8,192.00","6,187.80","19,32,212","13,06,72,60,412.85","2,03,731"
"22-Jul-2024","EQ","6,932.00","6,958.60","6,849.40","6,932.30","6,892.00","6,884.25","6,906.89","8,192.00","6,187.80","5,75,193","3,97,27,96,913.85","52,812"
"19-Jul-2024","EQ","7,110.00","7,110.00","6,910.00","7,110.00","6,923.00","6,932.30","6,994.75","8,192.00","6,187.80","9,38,598","6,56,52,58,706.05","97,716"
"18-Jul-2024","EQ","7,047.10","7,117.90","6,971.15","7,059.10","7,104.00","7,110.00","7,059.68","8,192.00","6,187.80","8,64,605","6,10,38,33,864.20","1,03,410"
"16-Jul-2024","EQ","7,080.00","7,090.00","7,005.20","7,063.75","7,045.00","7,059.10","7,056.65","8,192.00","6,187.80","5,58,200","3,93,90,23,748.00","52,732"
"15-Jul-2024","EQ","7,020.05","7,085.00","6,995.25","7,004.30","7,060.00","7,063.75","7,052.13","8,192.00","6,187.80","5,33,373","3,76,14,16,959.10","55,149"
"12-Jul-2024","EQ","6,996.95","7,045.00","6,915.05","6,950.30","7,008.00","7,004.30","6,989.82","8,192.00","6,187.80","10,68,833","7,47,09,50,108.15","1,06,238"
"11-Jul-2024","EQ","7,087.90","7,087.90","6,930.00","7,054.95","6,958.80","6,950.30","6,971.42","8,192.00","6,187.80","9,71,801","6,77,48,35,936.60","1,10,645"
"10-Jul-2024","EQ","7,068.00","7,129.35","7,021.00","7,068.05","7,045.00","7,054.95","7,068.22","8,192.00","6,187.80","8,09,714","5,72,32,33,363.80","80,417"
"09-Jul-2024","EQ","7,109.85","7,142.40","7,042.00","7,098.25","7,055.00","7,068.05","7,073.47","8,192.00","6,187.80","9,73,503","6,88,60,46,000.85","79,828"
"08-Jul-2024","EQ","7,144.95","7,147.65","7,047.00","7,138.00","7,099.00","7,098.25","7,086.97","8,192.00","6,187.80","6,77,705","4,80,28,76,115.10","55,085"
"05-Jul-2024","EQ","7,134.00","7,149.90","7,077.00","7,107.05","7,127.00","7,138.00","7,115.41","8,192.00","6,187.80","9,31,079","6,62,50,12,346.70","89,558"
"04-Jul-2024","EQ","7,301.05","7,325.00","7,100.00","7,258.80","7,109.00","7,107.05","7,182.11","8,192.00","6,187.80","18,97,977","13,63,14,86,626.25","1,33,300"
"03-Jul-2024","EQ","7,189.95","7,284.65","7,170.00","7,165.60","7,265.40","7,258.80","7,234.45","8,192.00","6,187.80","8,36,393","6,05,08,44,929.95","82,895"
"02-Jul-2024","EQ","7,275.00","7,275.95","7,122.00","7,276.75","7,158.80","7,165.60","7,173.56","8,192.00","6,187.80","12,81,027","9,18,95,27,030.40","1,28,205"
"01-Jul-2024","EQ","7,075.00","7,304.00","7,075.00","7,115.55","7,262.20","7,276.75","7,215.10","8,192.00","6,187.80","7,72,745","5,57,54,35,152.85","70,472"
"28-Jun-2024","EQ","7,165.00","7,226.00","7,105.30","7,166.75","7,119.00","7,115.55","7,145.35","8,192.00","6,187.80","8,29,584","5,92,76,71,837.80","92,953"
"27-Jun-2024","EQ","7,150.00","7,239.00","7,083.05","7,158.20","7,170.00","7,166.75","7,162.92","8,192.00","6,187.80","11,37,606","8,14,85,78,517.55","1,38,114"
"26-Jun-2024","EQ","7,070.00","7,179.25","7,035.00","7,074.45","7,148.00","7,158.20","7,118.57","8,192.00","6,187.80","9,12,552","6,49,60,64,378.15","90,882"
"25-Jun-2024","EQ","7,101.00","7,140.00","6,998.00","7,081.85","7,082.05","7,074.45","7,062.32","8,192.00","6,187.80","15,60,811","11,02,29,40,326.15","1,55,247"
"24-Jun-2024","EQ","7,076.00","7,106.95","7,020.55","7,134.25","7,084.80","7,081.85","7,069.34","8,192.00","6,187.80","6,35,654","4,49,36,52,338.35","59,207"
"21-Jun-2024","EQ","7,239.30","7,265.00","7,075.00","7,207.10","7,113.00","7,134.25","7,131.59","8,192.00","6,187.80","14,99,818","10,69,60,80,598.05","1,47,750"
"20-Jun-2024","EQ","7,220.00","7,264.90","7,111.00","7,233.95","7,215.00","7,207.10","7,184.01","8,192.00","6,187.80","9,00,158","6,46,67,46,499.10","1,10,362"
"19-Jun-2024","EQ","7,334.70","7,348.95","7,177.90","7,334.70","7,234.15","7,233.95","7,255.43","8,192.00","6,187.80","5,20,400","3,77,57,28,250.45","62,047"
"18-Jun-2024","EQ","7,365.00","7,429.45","7,300.00","7,341.55","7,321.00","7,334.70","7,360.56","8,192.00","6,187.80","9,46,904","6,96,97,48,285.60","97,811"
"14-Jun-2024","EQ","7,296.05","7,370.00","7,247.00","7,294.95","7,340.50","7,341.55","7,326.50","8,192.00","6,187.80","11,87,488","8,70,01,31,590.00","93,722"
"13-Jun-2024","EQ","7,252.20","7,325.00","7,232.15","7,217.75","7,289.00","7,294.95","7,287.98","8,192.00","6,187.80","13,45,495","9,80,59,40,005.85","1,02,871"
"12-Jun-2024","EQ","7,148.00","7,277.00","7,115.00","7,138.10","7,225.00","7,217.75","7,226.06","8,192.00","6,187.80","12,68,508","9,16,63,20,923.85","1,12,607"
"11-Jun-2024","EQ","7,083.00","7,169.00","7,051.00","7,088.85","7,149.00","7,138.10","7,130.46","8,192.00","6,187.80","12,05,213","8,59,37,20,571.70","1,13,947"
"10-Jun-2024","EQ","7,250.00","7,250.00","7,075.25","7,191.40","7,081.55","7,088.85","7,141.92","8,192.00","6,187.80","8,72,318","6,23,00,23,590.95","89,665"